date,r_coffee_total_consumption_usda,r_BRA_NGDP_RPCH,r_BRA_PCPI,r_BRA_TMG_RPCH,r_BRA_TXG_RPCH,r_CHN_NGDP_RPCH,r_CHN_PCPI,r_CHN_PPPEX,r_COL_NGDP_RPCH,r_COL_PCPI,r_COL_PPPEX,r_COL_TMG_RPCH,r_COL_TXG_RPCH,r_DEU_NGDP_RPCH,r_DEU_PCPI,r_DEU_PPPEX,r_DEU_TMG_RPCH,r_DEU_TXG_RPCH,r_FRA_NGDP_RPCH,r_FRA_PCPI,r_FRA_PPPEX,r_FRA_TMG_RPCH,r_FRA_TXG_RPCH,r_ITA_NGDP_RPCH,r_ITA_PCPI,r_ITA_PPPEX,r_ITA_TMG_RPCH,r_ITA_TXG_RPCH,r_JPN_NGDP_RPCH,r_JPN_PCPI,r_JPN_PPPEX,r_JPN_TMG_RPCH,r_JPN_TXG_RPCH,r_NLD_NGDP_RPCH,r_NLD_PCPI,r_NLD_PPPEX,r_NLD_TMG_RPCH,r_NLD_TXG_RPCH,r_USA_NGDP_RPCH,r_USA_PCPI,r_USA_TMG_RPCH,r_USA_TXG_RPCH,r_VNM_NGDP_RPCH,r_VNM_PCPI,r_VNM_PPPEX,r_VNM_TMG_RPCH,r_VNM_TXG_RPCH,annual_return
1991-12-31,0.060490592998333,-1.2473608445297504,4.327724704646819,0.1655426118945433,-1.4498634412797502,1.3137860082304529,0.0340029592533577,0.0292056074766355,-0.4460532461466604,0.3031852717708942,0.2194691203221306,-1.4715079589337854,-0.4277506309402352,-0.1244102743316442,0.0347366583620292,0.1079754601226994,0.2335888624548419,1.175196065399442,-0.6249569114098585,0.0340600287014138,-0.0084566596194503,-0.3329969727547931,0.149658536585366,-0.2739656912209889,0.0621455760118077,0.0401284109149278,-0.2318516149664213,-0.8877172983756055,-0.3016554261189454,0.0327270698504797,-0.0043913321276571,-0.5639909125331314,-0.5877315275841466,-0.4133556725706079,0.0317332368230571,-0.0023724792408066,0.0783805345033905,-0.0920901167571124,-1.0572640509013786,0.0421635108451072,-0.844253859348199,-0.2159449048675149,0.1509807806617793,0.8181961113149205,0.671411292852276,-0.7097225528159815,0.0010736855021782,0.0049326275264676145
1992-12-31,4.4913541432656245e-05,-1.4529582929194955,9.519561181665242,-1.2324039978958443,3.1199768719283023,0.587038683859493,0.0639808470238587,0.0550510783200908,0.8351602023608768,0.2702096647606233,0.2028095582910933,-5.92409109069117,-0.2511025616965375,-0.6168429455198563,0.0504554795570959,0.0299003322259137,-0.9190714285714284,-1.0653874358347593,0.3694852941176469,0.0245375223303263,-0.0021321961620467,-0.7122541603630863,-0.1773591310251188,-0.4975677553856845,0.049824471586338,0.021604938271605,-0.2160699417152373,11.294416243654824,-0.7518290898448932,0.0172657828487461,-0.0059878936863344,6.27181936604429,5.156521739130435,-0.3516931864545084,0.028397404212574,0.0023781212841855,-0.6269650453116331,-0.5647527621807644,-33.61111111111111,0.0304111862639258,19.762114537444933,0.1201429209468514,0.4976760199690133,0.3770213011270287,0.2960980170164553,-0.9,0.5739895198112339,0.1057105231653297
1993-12-31,-0.0308542171921315,-10.989293361884368,19.273808363449664,-14.386600271616116,-0.1211143077678759,-0.0278770049730335,0.1476308710945582,0.1247982786444326,0.3117390305536411,0.2245564480536674,0.2103651439625624,0.8217038539553754,0.4816439042726474,-1.5088541666666666,0.0447617379117029,0.01505376344086,-9.095322153574582,5.147663551401869,-1.4543624161073825,0.0223359031630521,-0.0064102564102563,-5.784437434279706,-0.9717350938724983,-2.1549100968188104,0.0449866764198756,0.0151057401812688,-3.82793414763675,0.7582576383154416,-1.6108490566037736,0.012543679833459,-0.0176013568966461,-0.8298202663163552,-1.180947897049592,-0.2045311516677155,0.016450122484418,-0.0083036773428232,-0.661378284581061,0.7923429047024555,-0.21862578080636,0.0296989480286227,0.0614258434118397,-0.5679160021265285,-0.0714942528735632,0.0837921001402466,0.1469101013869824,11.9236,-0.555427926173974,0.04850584668687752
1994-12-31,0.062514481671996,0.1434083601286173,20.75826907120918,-0.0169422745257178,-0.387624750499002,-0.0612436054470783,0.2426530244298206,0.178861788617886,-0.0985989492119089,0.2285014056080156,0.2299048004323938,-0.5253089856363434,0.3150951374207189,-3.4554759467758447,0.0271792291998547,-0.0010593220338983,-1.9410161360662888,-2.442991790817878,-4.4903988183161,0.0166607935724858,-0.0118279569892473,-3.4061538461538463,71.56934306569343,-3.4838323353293412,0.0416666666666667,0.0148809523809523,-2.1414084507042253,0.4483973230010569,-2.691119691119691,0.0069021944362859,-0.0187521233284879,3.547719298245614,-1.6799653078924544,1.380537974683544,0.021171768940954,0.0,14.52269399707174,1.2502902252147663,0.4640261627906978,0.0259560477591278,0.3346326836581708,1.9440172254690864,0.0935875216637782,0.0948508961681087,0.1451202891001966,-0.4373549165867095,0.1786730895555068,-0.08384964890541102
1995-12-31,-0.017533147243545,-0.1719160104986876,0.6600803958921819,0.3351221190230478,0.3591916558018253,-0.1581088341392279,0.1675764885108543,0.1127789046653144,0.010685836409559,0.2088247374288565,0.1641067533721025,-0.6304653781197223,-1.3503311684136068,-0.3576490204251772,0.0173180785503421,-0.0010604453870625,-0.156992237284208,-0.2644332069110831,-0.0435886584849768,0.0176910172334909,-0.0108813928182807,-0.2255206430398247,-0.0036210018105008,0.2936354869816779,0.0538720000000001,0.0483870967741935,-0.0473017439947351,0.1168125810635536,2.0034246575342465,-0.0008855089071777,-0.0256660574620004,0.0940513849240027,1.1116071428571428,-0.0784313725490195,0.0134882817751353,-0.0035885167464114,0.111771363893605,0.1342344201403218,-0.3338297344254156,0.0280519480519481,-0.3254699318505205,0.2172186814334971,0.0799184967172288,0.1692451532097307,0.1463655150840739,-0.1296586627059438,-0.4994241129481701,-0.04463480613165005
1996-12-31,0.0676107608985172,-0.4998868009961512,0.1575743609672473,-0.8425486962795012,-0.7373621103117507,-0.0955419819491293,0.082992901411951,0.047028800583303,-0.6047673971549403,0.20803805455781,0.1476654777896151,-0.8236638314078963,-0.7997430249632893,-0.4704737183646982,0.0127440492110191,-0.0127388535031846,-0.4245464540956569,-0.1367802921798911,-0.3986725663716813,0.0208029644564935,-0.0044004400440044,-0.9321853992216064,-0.6959418534221684,-0.5277674245247856,0.0398530371809859,0.0265734265734265,-1.107590018133149,-0.8191188212237788,0.1911820600532117,0.0013867890099577,-0.0223576288563706,-0.1175599435825105,-0.1283600120809422,0.2600072124053372,0.01445836403832,-0.0084033613445377,-0.5652837872232122,-0.7011734740289275,0.4053651266766018,0.0293667928837206,0.0409681358943043,-0.2371673819742489,-0.020964360587002,0.0559285466423258,0.0674218170220171,-0.3824542552855292,1.684925406368292,0.03964134025483723
1997-12-31,0.0129735124121586,0.5368945224083295,0.0692575887888704,1.762232040582556,3.12600438276114,-0.0679366999294425,0.0278821605805914,-0.0010445682451252,0.6682879377431907,0.184747669559627,0.1485998074823578,12.399568034557234,-6.129239230064162,1.1875,0.0150792917222346,-0.0139784946236559,1.2889897301170286,0.9538742326198772,0.7181751287711553,0.0126651541438675,-0.0077348066298342,12.549565217391306,3.373837981407702,0.4443567482241517,0.0184839105296967,0.0081743869209809,-9.83868378812199,0.5136436597110754,-0.686981493299298,0.0169932734959079,-0.0119945658002932,-0.9269559657955726,3.021136521136521,0.2386949055523755,0.0185672153535469,0.0096852300242131,0.9344262295081972,1.693759512937595,0.1789501590668081,0.0233778321794233,0.5367960750853245,0.6299088556318215,-0.1271948608137045,0.0309481625421499,0.047909366050153,-1.1711785476690038,-0.3245977774091889,0.13084430322287788
1998-12-31,0.033619309552153,-0.9004418262150221,0.0319622786934774,-0.8484597156398104,-0.6720368239355581,-0.150427165567211,-0.0077442580861216,-0.021261763680725,-0.8338192419825073,0.1864952858983923,0.1349600123687575,-0.9396625832796044,0.196926375982845,0.1316526610644257,0.0059577235772356,-0.0043620501635769,0.0894198664440735,-0.397078804347826,0.5408993576017129,0.0067607638477047,-0.0022271714922048,0.5324091900911307,-0.3424168817367542,-0.0103825136612022,0.0203130823704809,0.0121621621621621,-0.2110233360573867,-0.3263520678685048,-2.2945973496432215,0.0065219617077916,-0.0113923516250232,-9.274617067833695,-1.1747522619560535,0.0785582255083179,0.0178436434694548,0.0083932853717025,-0.1927966101694916,-0.2020567295739631,0.0076456037778276,0.0154679956393084,-0.1776667360677354,-0.8497756299620297,-0.2928115799803729,0.081104304681653,0.0762576503597629,-1.2576980568011955,-1.16560248853962,-0.054992473657802354
1999-12-31,0.0221604447974583,0.3846153846153846,0.0485850280833384,-6.548475371383894,1.2280701754385968,-0.0224032586558045,-0.0139922093628271,-0.0267094017094016,-8.375438596491229,0.1087608975275118,0.1105741247569629,-22.098842386464824,-0.8250223947447,-0.0658415841584157,0.0064655451101083,-0.0098576122672507,-0.1889665740829422,-0.2264788732394366,-0.085047248471373,0.0057597654204628,-0.0111607142857143,-0.4058128821509339,-0.4694678517834468,-0.1021535063500829,0.0165086055497014,0.0013351134846462,-0.3351363793301876,-0.996064541519087,-0.737007874015748,-0.0034687255231062,-0.0261340621263513,-1.7481158270527568,-2.7342209072978303,0.0779777206512424,0.0203615470852018,-0.0011890606420927,0.1222347206599174,0.2239059623282819,0.0700736442758314,0.0219314389477816,0.0865051903114186,0.9195772058823526,-0.1718993928881179,0.0410865830833524,0.0426583324074834,-7.354988399071925,-4.654720711814138,0.08176701709673995
2000-12-31,-0.0058279586603465,8.376068376068375,0.0704392414759522,-1.923765236384133,0.3101150817686249,0.1031249999999999,0.003565519995436,-0.0014635931211123,-1.695765937202664,0.0921887084300077,0.0869097964656784,-1.4666160209335697,-2.5486348122866893,0.5389507154213036,0.0141328228386419,-0.0276548672566372,0.3799008030231461,1.6207210487982522,0.2503037667071688,0.0181434818825489,-0.0079006772009029,1.38173104031576,1.7828546562228025,1.3290282902829031,0.0258051140290256,-0.004,1.1251514626969017,1241.1,-9.278443113772456,-0.0068697303145988,-0.0352230017539463,1.6118769883351003,2.856696047767984,-0.1655405405405405,0.023471083460371,0.0119047619047618,0.410179307272525,0.64302244850729,-0.1497393117831074,0.0336709027932022,0.0067578064315674,1.376586066554944,0.4216589861751152,-0.0176823336740096,0.0111791631147846,-1.59802847754655,-1.125515655643471,0.07548836752724064
2001-12-31,0.0279427856807878,-0.6832269826800365,0.0684047141128736,-0.7965067500572038,-0.1524734165510863,-0.0180594900849856,0.0071057044595401,-0.0014657383657017,-0.4263247863247863,0.0795921257612235,0.0417147041510799,0.3291425470332851,-1.4104683195592287,-0.4190771349862259,0.0190034586294705,-0.0091012514220705,-0.9749251176722292,-0.5472104495240742,-0.5298833819241981,0.0178329455679697,-0.0022753128555176,-0.9389204545454546,-0.7624706802189211,-0.484816477422762,0.0232426533004566,0.0066934404283802,-0.8601449865602346,-0.7781982127042911,-0.8603978300180832,-0.0069378064197836,-0.0326392541083125,-0.9045879009338206,-1.5892804482453555,-0.4455822814955942,0.0511392608894016,0.0188235294117646,-0.8807455378297268,-0.9423198816818086,-0.7660044150110376,0.0281662330421854,-1.259316410770774,-1.6377556159967763,0.0159127744216884,-0.0030962080852396,-0.0029791431782625,0.025946275946276,-3.158943965517241,0.06562614092734576
2002-12-31,0.048359502718321,1.196402877697842,0.0844997867109198,-5.423163418290854,-0.047676194632337,0.0956845774732539,-0.0073660147320295,-0.0080733944954128,0.4922526817640047,0.0634920634920634,0.0434186342254903,-1.0758761483497787,-7.046979865771812,-1.119146413752223,0.0132656994019866,-0.0011481056257175,-8.20477815699659,-0.524934785944453,-0.3927648578811369,0.0193918689792895,0.0045610034207526,1.045542635658915,-0.3894009216589861,-0.8698103536647873,0.0261120328671882,0.0172872340425531,-0.726266744321491,-1.92994555353902,-0.8911917098445596,-0.0089734832018877,-0.0290422175984965,-0.9673758865248226,-2.022144376329288,-0.906786941580756,0.0385278235226533,0.0219399538106235,-1.3013245033112582,-0.321123321123321,0.7777777777777779,0.0159566656499587,-2.274620648616483,-0.4163639235507819,0.0268310369833213,0.0407780907353383,0.0236095498667345,5.573936328473668,1.788370351884203,-0.12762312633832984
2003-12-31,3.141251133272892,-0.6262692433671798,0.1471445850887636,-0.6996017286670622,0.7826784282277468,0.0993965990126166,0.0112589559877174,0.0073991860895301,0.5646964856230032,0.0711936186834421,0.0476125865710206,-4.589237668161434,-2.2832408435072145,2.497512437810945,0.0107361963190184,-0.0068965517241379,-4.468024632875414,-0.2742248062015504,-0.2817021276595745,0.0216965440768803,-0.0011350737797957,-0.4902889625769777,-1.074932614555256,-0.452755905511811,0.0281296118062239,0.0117647058823529,1.719148936170213,-0.7252146760343481,35.547619047619044,-0.0026318262994643,-0.0351230100302082,153.80434782608697,0.1401468788249693,-0.2718894009216589,0.0222492655283894,0.0011299435028249,-7.683516483516483,3.5593525179856114,0.6485849056603774,0.0229780893660316,0.423202614379085,-1.7818673883626523,0.036864406779661,0.0330308924623357,0.0460388226802912,0.2665308893414801,0.8445359348429251,-0.146588119783996
2004-12-31,0.0282411664258506,4.048203330411919,0.0659799951931356,-5.7926657263751755,0.1048775785617892,0.0092805109270532,0.0383069050832209,0.0403966213734852,0.3611536498213374,0.0590730256213416,0.0447796829687192,1.4587706146926536,1.0029406677045496,-2.6842105263157894,0.0178088012139605,-0.0150462962962962,0.0280016391203388,3.2990654205607477,2.0213270142180093,0.0233581747582181,-0.0079545454545454,5.184944237918216,-36.48920863309352,9.24460431654676,0.0225669957686882,0.0,3.5125195618153366,-10.116477272727272,0.4241042345276873,-0.0001047131383573,-0.0370964737573612,0.1739924167953936,0.5356951154052605,11.550632911392404,0.0138285975397121,-0.0135440180586907,1.8322920092074972,2.9767258382642994,0.3776824034334765,0.0266739130434781,0.8387731671313761,2.107303565247491,0.0610271080234299,0.0789544471083563,0.147812545600166,0.1962550028587764,0.5258382260177592,-0.06983433041877596
2005-12-31,-0.0075370464997445,-0.4440972222222222,0.0687018138194353,-0.6937021777516186,-0.4262781364508812,0.1260628831322916,0.0178037123786571,0.0123543946346627,-0.1661353834614664,0.0504684413678127,0.0256110364929513,0.9525406504065042,-0.0292771396493652,-0.3868243243243243,0.0192743493714366,-0.027027027027027,-0.093276640977943,-0.2326086956521739,-0.3196078431372547,0.0188774848874067,-0.0126002290950745,0.0549962434259954,-0.233326576120008,-0.425561797752809,0.0220689655172414,-0.0116279069767442,-0.5035547078203573,-0.4827048924898722,-0.1747483989021042,-0.0028799128695452,-0.0419853575786435,-0.0656698564593301,-0.4565536525690318,0.0322743318204741,0.0149209474445801,-0.0114416475972539,-0.3233484267967026,-0.4003571074298184,-0.0957943925233644,0.0336618883265928,-0.3735616804923736,-0.1521666481007018,-0.0310694569264347,0.0839403399236906,0.0573321210995125,-0.8000955908710718,-0.7591108567067354,0.12764378478664207
2006-12-31,0.0649161196207148,0.2373516552154904,0.0418371445135588,2.079746348962337,-0.6570356853203569,0.1159891123013434,0.0164547195913589,0.0073221757322174,0.510456487519676,0.0430409881313826,0.026408252710351,-0.1366782907406444,-0.1761565836298932,4.253443526170799,0.0177514100493809,-0.0253623188405796,0.9752344665885112,0.7345204370700122,0.5210374639769451,0.0189325160469553,-0.0104408352668213,-0.1216350947158524,0.8059227921734533,1.1894865525672371,0.0222970632844874,-0.0091503267973855,1.717778553964373,1.5090361445783134,-0.2394678492239467,0.0025626483500325,-0.0382879909289303,-0.2283958520035847,0.381914072549524,0.6912554958475818,0.0165246759924739,-0.0046296296296296,0.6122168840082363,0.3520264681555005,-0.200976169968418,0.0322174253714144,-0.1349850491243057,0.3200630666141113,-0.0753941963694183,0.0750299999999999,0.053191037912923,1.6436043036461443,0.8965016501650165,-0.0824832730064714
2007-12-31,-0.0061563255439162,0.5320545179202423,0.0364135566919616,0.4765083920883508,0.621046408513154,0.1209284028324153,0.0481855181709918,0.0498442367601246,0.0031263957123717,0.0554223243967384,0.0243351481868701,0.0043407487791644,-0.1506479481641468,-0.2181436811746198,0.0227076746191434,-0.0099132589838909,-0.476370650641739,-0.2373619536475346,-0.0973853732474421,0.0160722798574379,-0.0011723329425556,-0.1253445759688665,-0.7907759882869693,-0.1697375767727525,0.0202453271028038,-0.0013192612137202,-0.4575247397506746,-0.1448979591836734,0.0816326530612243,0.0004609356994698,-0.033182321066615,-0.7600796416127427,-0.1856092339197617,0.0895436164067011,0.0158766655553384,-0.0069767441860465,-0.4291187739463602,-0.3736693992414046,-0.2773984908372259,0.0287063773206719,-0.6823045267489712,-0.3036727381307853,0.0216394382344511,0.0834860422499836,0.0674555821764604,0.9004578599287776,-0.0463594598357233,-0.0831440526001197
2008-12-31,0.0378964779139909,-0.1607907742998352,0.0567829828453301,-0.2636916835699797,-1.399343544857768,-0.3267354530778409,0.0590798426868093,0.0527530497856907,-0.5127634312852478,0.0700159839533645,0.0565130116280929,-0.5930728134942074,-0.0561983471074379,-0.6784037558685446,0.0275435637998875,-0.0087609511889862,-0.7146500425049589,-0.9327962471955944,-0.9345088161209067,0.0316025827207935,0.0058685446009389,-0.8123841305153875,-1.3030090972708188,-1.6469401479488903,0.0349237974190741,0.0039630118890356,-1.910210850509358,-1.2236417239926998,-1.824797843665768,0.0138321710540092,-0.0277643206762332,-0.0048409405255878,-0.8219225054291919,-0.4241781548250264,0.0221130777239599,0.0046838407494145,-0.7388143176733781,-0.8775151396757179,-0.9393336648433616,0.0381491627440389,-2.694818652849741,-0.1620926243567753,-0.205779211670641,0.2311595322721886,0.2036508833703378,-0.4716992355967996,-0.7652554744525547,0.060147336853771716
2009-12-31,-0.0240215608155612,-1.0247349823321554,0.0488810325231217,-2.002238292011019,3.7598173515981737,-0.0152210175145955,-0.007261838801325,-0.00782962730974,-0.652756625038075,0.0419290589027854,0.0340156008129681,-2.545360672665585,-0.22335982756298,-6.9395203336809175,0.0024617067833696,0.0113636363636364,-6.037735849056605,-26.370257966616087,-18.865384615384613,0.001007071155533,-0.0070011668611434,-11.711462450592885,27.82678983833718,4.48960498960499,0.0076563070488919,0.0105263157894737,2.5163977095262884,10.865662272441934,3.651143790849673,-0.0133129525009552,-0.0120276980704134,-12.86726893676164,-17.39152759948652,-2.6883057090239406,0.0097322792798777,-0.0046620046620046,-8.612419700214133,-17.16267942583732,-22.311475409836067,-0.00320086967025,3.729440538061755,-3.024564994882293,-0.0466266336983398,0.0671673535421155,0.0553923663643356,-1.4126224524265285,1.0121268656716418,-0.04240665125202936
2010-12-31,0.1067835274342658,-60.74603174603174,0.0503905169195078,-3.125694325144591,-1.819646968534152,0.1233326275672244,0.0317535713861609,0.0498737373737372,2.9429824561403515,0.0226720078712487,0.0257197447333408,-2.1315387552500953,-1.028100607111882,-1.7347261235955056,0.01118690313779,-0.0049937578027465,-2.322195939286418,-1.9510138166158264,-1.6537495514890563,0.0173950670705322,0.0,-1.7987084870848709,-1.7895369331837847,-1.3243703843968946,0.0161954433159483,-0.0078125,-2.0637305699481865,-1.657073325574013,-1.7198313718601792,-0.0074214415810078,-0.0304613993286839,-1.7898342800257656,-2.108426658313102,-1.365694027815653,0.0092985514874393,-0.0023419203747072,-1.9642756680731368,-2.0964081310440106,-2.041923076923077,0.016363339780486,-1.9937944408532644,-2.2761206605999327,0.1898851426454242,0.0920769758551964,0.1074317072078978,-1.5794787829171784,-0.0177715963529594,0.01500128435653747
2011-12-31,-0.0273438629986404,-0.4721041445270988,0.0663636348938232,-0.7684060235446244,-0.6528558052434457,-0.0998963339930261,0.0553375151061747,0.0595309681298856,0.5457174638487208,0.0341543197998845,0.0422133505809934,0.9705584612788936,-85.82716049382717,-0.0647550776583033,0.0248246087425796,-0.0100376411543287,-0.3907566157286619,-0.4286792452830189,0.2140504939626784,0.0228606668935011,-0.0117508813160986,-0.2817047817047816,-0.4296296296296296,-0.5872737886748395,0.0293571042679632,-0.0039370078740157,-0.9446106742745808,-0.4857487922705314,-0.9941434846266471,-0.0027735301871869,-0.0362437777478811,-0.4676749703440095,-0.9986575758646272,0.1558538404175988,0.0247161714378836,-0.0187793427230047,-0.6441073512252042,-0.5474754747547477,-0.4278331487633813,0.0313973110291825,-0.6411473917002732,-0.5079564212611423,-0.0015569048731122,0.1867752474181157,0.1894236038322525,-0.3395337885566282,0.5460981749528004,0.014551804423748482
2012-12-31,0.0522770363210527,-0.5166079516859587,0.0540363279708742,-1.2007677096661626,-1.1058664868509778,-0.1783059365511464,0.0260979573140807,0.01049943246311,-0.4368163500287852,0.0317504618369817,0.0302522677216983,-0.6150520142129372,-0.6515063309561928,-0.8909044455799694,0.0215903106898367,-0.0025348542458808,-1.1086504343570291,-0.6461911052399824,-0.8363471971066908,0.0221522276970416,0.0035671819262781,-1.0935841775205015,-0.7059242127735279,-5.216407355021216,0.0331489392969233,-0.0144927536231884,-12.100502512562814,-0.7865977767339909,56.291666666666664,-0.0004864533322052,-0.0295940588530905,-0.3266016713091921,13.894736842105262,-1.6651612903225803,0.0281806615776081,-0.0143540669856458,-0.3426229508196721,-0.3816626889419251,0.4716129032258065,0.0207315392378726,-0.5196664854087367,-0.4699409554482018,-0.1415874005925465,0.0910300946349971,0.0364005503710231,3.906951871657754,0.5294596519792407,-0.005101149941380334
2013-12-31,0.004331359608835,0.5642894325871941,0.0620421911464459,-5.421784472769409,-10.738853503184712,-0.0098114169215086,0.0256786344408306,0.0289244594215107,0.3120368004088936,0.0202107378400657,0.0025706535059841,-0.5787366548042705,-0.3031948214658592,0.0117096018735363,0.016061855670103,-0.0152477763659466,-3.739864864864865,-0.8210952084629745,0.892265193370166,0.009905521260259,-0.0379146919431279,-2.042955326460481,-0.1947973381730188,-0.3824220060382421,0.0124460248920499,-0.0147058823529412,-0.6717971933001359,-0.5209097578870139,0.458181818181818,0.0033116086165303,-0.0284922415942613,-0.3094105480868666,-2.259717314487633,-0.8768186226964112,0.0255315638598445,-0.0315533980582523,-0.458021612635079,-0.3965905435831457,-0.1924594476106971,0.0146611727195908,-0.2422641509433961,-0.2564556962025317,0.0089009990917348,0.0659531599475038,0.0283014353032213,0.4254577157802965,0.2247504990019961,0.003334628740488066
2014-12-31,0.0017588416972118,-0.832279534109817,0.0632918525236654,-1.3118448637316562,-1.687377370830608,-0.0488997555012225,0.0205177094775237,0.0259279475982532,-0.1236852356836776,0.029065289579677,0.0115424234614176,2.197993664202746,-0.2250524423134553,4.131944444444445,0.0077010491284319,-0.0077419354838709,0.856555692560625,6.0713043478260875,0.4087591240875912,0.0061126048558453,-0.0049261083743842,3.6375617792421746,0.2787377911344852,-0.9972840847365562,0.0023381836427496,0.0040705563093623,-2.1358620689655172,3.392036753445635,-0.8523690773067332,0.0275864978013054,0.0172650365734481,0.945193171608266,-9.963534361851332,-12.21259842519685,0.0032276228206005,0.0137844611528821,1.5559815950920246,0.6273987206823028,0.2421281216069488,0.016153542360658,1.772410358565737,0.5175348995573714,0.1562837594526467,0.0408422494667659,0.0140468758374439,-0.3418450560652395,-0.3321382007822686,0.1278690572874368
2015-12-31,0.0228107508304713,-8.035714285714285,0.0903015016288679,5.4184873949579835,-5.185537583254044,-0.050466783926397,0.0154139842813916,0.0297951582867783,-0.3429651033563013,0.0499000036808461,0.0457739468969127,-1.538467888393594,-1.120262954369683,-0.3292737934145241,0.0067964195454959,0.0117035110533159,0.1877352224928048,-0.0378750614854893,0.0932642487046631,0.0008807927134422,0.0,0.7420959147424511,1.602232667450059,-156.6,0.0010912767938489,-0.0027027027027026,1.431086824529447,0.5805439330543936,4.273648648648649,0.007994253168454,0.0038621278577803,-0.9322555812163202,-0.4975747144421844,0.375,0.0021648709596591,0.0012360939431397,1.2826282628262824,0.6619718309859155,0.1831293706293706,0.0012124284477113,0.0391593317765404,-1.0794256226161094,0.0879788227966367,0.0063143251044404,-0.0080235030312096,0.2494385502981491,0.2427200260289572,0.0926342376674163
2016-12-31,0.0486895500456614,-0.0761421319796954,0.0873955080359432,-0.2742210002618487,-0.5417140259149806,-0.0237959532630378,0.0212099999999999,0.0304830793076724,-0.2936400541271988,0.0750730396166881,0.0068399088429971,0.938831825847003,3.35048231511254,0.4996637525218559,0.0036602928234259,-0.032133676092545,-0.2273998136067102,-0.5079243353783232,-0.0691943127962084,0.0030600612012239,-0.0346534653465346,-0.3464518760195758,-0.6376157146082637,0.6619537275064267,-0.0005000400032003,-0.0501355013550135,-0.5129870129870129,-0.6668872711228767,-0.5169762972453555,-0.0012420589672584,0.0198453359110681,-3.6704545454545454,-0.496107131734662,0.1195097037793668,0.0011301017091538,-0.0172839506172839,-0.2868033648790746,-0.1369728025226646,-0.3838197266346509,0.012670779149543,-0.8086430423509076,-2.785310734463277,-0.0425075139544868,0.0266799114256741,-0.0131980280182414,-0.2032354034957233,-0.2277130514465244,0.03628676582413237
2017-12-31,0.0102535226022733,-1.4038461538461535,0.0344630704646164,-1.9204473707946244,0.7914186507936507,0.0140125529119836,0.0152074499858012,0.0488844321885184,-0.3491379310344827,0.0431006369980651,0.0230133596844095,-0.9488416225191744,-1.343680709534368,0.2017937219730943,0.0170290360509375,-0.0159362549800796,0.3131483715319663,2.03012987012987,1.4938900203665986,0.011654570106875,-0.0179487179487179,0.8152886115444615,2.298442367601246,0.2900232018561486,0.0132576894598868,-0.019971469329529,0.4423076923076923,2.2602649006622517,1.2214854111405835,0.0048622861919225,-0.0011753220287574,-3.814468085106383,3.090852904820766,0.3280109489051093,0.0129465356029729,-0.0226130653266332,0.0516033910799853,0.3722311029915508,0.3441247002398082,0.0213162225786962,3.04516711833785,5.533227848101265,0.0373692077727951,0.035210501066313,0.0108979247535372,0.5119408790353948,0.5105517416730232,-0.09867918990314062
2018-12-31,0.0387571778552633,0.3484504913076343,0.036646764897275,0.4226359627633513,-0.3963726983247957,-0.0282136173888009,0.019281594228061,0.0105162523900572,0.8866813833701253,0.0323992538479975,0.021739642999208,-14.264296754250386,-15.144086021505377,-0.6328358208955225,0.0193500347810753,-0.0040485829959514,-0.122358993202278,-0.6632950454311675,-0.2552062066149447,0.0209809505976958,-0.0130548302872063,-0.569955311103472,-0.2448054401208914,-0.4448441247002397,0.01242260558721,-0.0131004366812227,-0.4156444444444445,-0.6252285191956124,-0.6161194029850746,0.0099006887876729,-0.0234771633816984,0.1533111581493802,-0.4319383592687718,-0.1889385091034008,0.0160059171597632,0.0012853470437017,-0.3056431826147915,-0.4812780828756865,0.3135593220338981,0.0243920349541655,0.1313086199196069,0.0210704771131025,0.0756484149855907,0.0353992639756994,0.0119372501973542,-0.5098785758386499,-0.3225046288503619,0.043951630411185105
2019-12-31,0.0206833297977213,-0.3155829596412556,0.0373304026860734,-0.6075905772144924,-1.4655963302752293,-0.1185009628203229,0.0290140338591693,0.0030747398297066,0.2429797191887674,0.0352182339403239,0.0217013927659543,-0.8205546492659054,-1.047894176676296,0.0711382113821139,0.0135329962899597,0.0027100271002709,-0.4724722629265229,-0.6807535641547862,0.032894736842105,0.0129630702109997,-0.0052910052910053,-0.1398880895283771,-0.5567783891945973,-0.4784017278617711,0.0063399170933917,-0.0088495575221239,-1.25585640401582,-0.4157181571815718,-1.625194401244168,0.0046808296921299,-0.0113891453282153,-0.7409543786051389,-1.3877659574468084,-0.1715374841168997,0.0267318948196033,0.011553273427471,0.3109540636042402,-0.5810073788899583,-0.2207130730050933,0.0181282357626444,-0.903474141334386,-0.9765180265654648,-0.0141995981245813,0.0279680300893276,0.0061856444302741,-0.6132689481419273,-0.6053002070393374,0.002245952606240831
2020-12-31,0.0206833297977213,-3.683865683865683,0.032115909253759,-1.6069861330524835,-1.01871921182266,-0.623256595530163,0.0249036684170351,-0.0004715868898843,-3.2754941951678695,0.0252444981814989,0.0017289327756255,-11.454545454545457,-20.22222222222222,-4.502846299810247,0.0037174016121384,0.0054054054054053,-3.291269841269841,-15.671451355661882,-5.196921443736731,0.0052694268426318,0.0159574468085106,-6.135223048327138,-9.698645598194132,-19.59006211180124,-0.0014538405621515,0.0029761904761904,9.291319857312722,-9.503710575139143,9.644278606965171,-0.0002599454114635,-0.0035583340705572,-7.832995951417004,6.952674897119342,-3.0005112474437627,0.0111649980619605,0.0063451776649745,-1.4776665383134386,-2.624808575803981,-2.2061002178649236,0.0125131037504107,-12.854805725971367,-103.5151515151515,-0.6104090229650767,0.0322233645919849,0.0015859421408679,-0.0534744842562432,0.604699958036089,0.02564607994688206
