date,r_BRA_NGDP_RPCH,r_BRA_PCPI,r_BRA_PPPEX,r_BRA_TMG_RPCH,r_BRA_TXG_RPCH,r_CHN_NGDP_RPCH,r_CHN_PCPI,r_CHN_PPPEX,r_COL_NGDP_RPCH,r_COL_PCPI,r_COL_PPPEX,r_COL_TMG_RPCH,r_COL_TXG_RPCH,r_DEU_NGDP_RPCH,r_DEU_PCPI,r_DEU_PPPEX,r_DEU_TMG_RPCH,r_DEU_TXG_RPCH,r_FRA_NGDP_RPCH,r_FRA_PCPI,r_FRA_PPPEX,r_FRA_TMG_RPCH,r_FRA_TXG_RPCH,r_ITA_NGDP_RPCH,r_ITA_PCPI,r_ITA_PPPEX,r_ITA_TMG_RPCH,r_ITA_TXG_RPCH,r_JPN_NGDP_RPCH,r_JPN_PCPI,r_JPN_PPPEX,r_JPN_TMG_RPCH,r_JPN_TXG_RPCH,r_NLD_NGDP_RPCH,r_NLD_PCPI,r_NLD_PPPEX,r_NLD_TMG_RPCH,r_NLD_TXG_RPCH,r_USA_NGDP_RPCH,r_USA_PCPI,r_USA_TMG_RPCH,r_USA_TXG_RPCH,r_VNM_NGDP_RPCH,r_VNM_PCPI,r_VNM_PPPEX,r_VNM_TMG_RPCH,r_VNM_TXG_RPCH
1990-12-31,,,,,,,,,,,,,,,,,,,,,,,,,,,,,,,,,,,,,,,,,,,,,,,
1991-12-31,-1.2473608445297504,4.327724704646819,,0.16554261189454333,-1.4498634412797502,1.3137860082304527,0.03400295925335772,0.029205607476635587,-0.4460532461466604,0.30318527177089427,0.21946912032213062,-1.4715079589337854,-0.42775063094023524,-0.1244102743316442,0.034736658362029216,0.10797546012269943,0.2335888624548419,1.175196065399442,-0.6249569114098585,0.03406002870141389,-0.008456659619450302,-0.3329969727547931,0.149658536585366,-0.2739656912209889,0.0621455760118077,0.0401284109149278,-0.23185161496642137,-0.8877172983756055,-0.30165542611894547,0.032727069850479795,-0.004391332127657188,-0.5639909125331314,-0.5877315275841466,-0.4133556725706079,0.031733236823057176,-0.0023724792408066353,0.07838053450339055,-0.09209011675711243,-1.0572640509013786,0.04216351084510728,-0.844253859348199,-0.21594490486751494,0.15098078066177933,0.8181961113149205,0.671411292852276,-0.7097225528159815,0.0010736855021782343
1992-12-31,-1.4529582929194957,9.519561181665242,,-1.2324039978958443,3.1199768719283023,0.587038683859493,0.06398084702385876,0.05505107832009082,0.8351602023608768,0.27020966476062336,0.20280955829109337,-5.92409109069117,-0.25110256169653755,-0.6168429455198563,0.05045547955709595,0.029900332225913706,-0.9190714285714285,-1.0653874358347593,0.36948529411764697,0.024537522330326356,-0.00213219616204674,-0.7122541603630863,-0.1773591310251188,-0.49756775538568454,0.04982447158633807,0.021604938271605034,-0.2160699417152373,11.294416243654823,-0.7518290898448932,0.017265782848746136,-0.005987893686334456,6.27181936604429,5.156521739130435,-0.3516931864545084,0.028397404212574084,0.0023781212841855748,-0.6269650453116331,-0.5647527621807644,-33.61111111111111,0.030411186263925805,19.762114537444933,0.12014292094685142,0.49767601996901334,0.3770213011270287,0.29609801701645533,-0.9,0.5739895198112339
1993-12-31,-10.989293361884368,19.273808363449664,11.0,-14.386600271616116,-0.1211143077678759,-0.02787700497303358,0.1476308710945582,0.1247982786444326,0.31173903055364116,0.22455644805366748,0.21036514396256245,0.8217038539553754,0.48164390427264747,-1.5088541666666666,0.044761737911702904,0.015053763440860068,-9.095322153574582,5.147663551401869,-1.4543624161073825,0.022335903163052118,-0.0064102564102563875,-5.784437434279706,-0.9717350938724985,-2.1549100968188104,0.04498667641987564,0.015105740181268867,-3.82793414763675,0.7582576383154416,-1.6108490566037736,0.012543679833459054,-0.017601356896646103,-0.8298202663163552,-1.180947897049592,-0.20453115166771552,0.016450122484418017,-0.008303677342823224,-0.661378284581061,0.7923429047024555,-0.21862578080636008,0.029698948028622718,0.061425843411839764,-0.5679160021265285,-0.07149425287356326,0.08379210014024663,0.14691010138698246,11.923599999999999,-0.555427926173974
1994-12-31,0.14340836012861735,20.75826907120918,22.666666666666664,-0.016942274525717838,-0.387624750499002,-0.0612436054470783,0.24265302442982062,0.17886178861788604,-0.09859894921190893,0.22850140560801568,0.2299048004323938,-0.5253089856363434,0.31509513742071893,-3.4554759467758447,0.027179229199854715,-0.0010593220338983578,-1.9410161360662888,-2.442991790817878,-4.4903988183161,0.016660793572485844,-0.011827956989247324,-3.4061538461538463,71.56934306569343,-3.4838323353293412,0.04166666666666674,0.014880952380952328,-2.1414084507042253,0.44839732300105695,-2.691119691119691,0.0069021944362859244,-0.01875212332848797,3.547719298245614,-1.6799653078924544,1.380537974683544,0.021171768940954072,0.0,14.522693997071741,1.2502902252147665,0.46402616279069786,0.025956047759127854,0.3346326836581708,1.9440172254690866,0.09358752166377826,0.09485089616810871,0.1451202891001966,-0.43735491658670955,0.17867308955550687
1995-12-31,-0.17191601049868765,0.6600803958921819,0.8978873239436622,0.3351221190230478,0.3591916558018253,-0.15810883413922794,0.16757648851085438,0.11277890466531448,0.010685836409559002,0.20882473742885654,0.16410675337210257,-0.6304653781197223,-1.3503311684136068,-0.3576490204251772,0.017318078550342175,-0.0010604453870625141,-0.15699223728420808,-0.2644332069110831,-0.04358865848497684,0.01769101723349098,-0.01088139281828071,-0.22552064303982478,-0.0036210018105008457,0.29363548698167796,0.05387200000000014,0.048387096774193505,-0.04730174399473519,0.11681258106355363,2.0034246575342465,-0.0008855089071777567,-0.025666057462000458,0.09405138492400278,1.1116071428571428,-0.07843137254901955,0.013488281775135391,-0.0035885167464114742,0.11177136389360509,0.13423442014032183,-0.33382973442541564,0.028051948051948106,-0.32546993185052053,0.2172186814334971,0.07991849671722884,0.16924515320973077,0.14636551508407392,-0.12965866270594384,-0.49942411294817013
1996-12-31,-0.49988680099615124,0.1575743609672473,0.16326530612244894,-0.8425486962795012,-0.7373621103117507,-0.09554198194912933,0.08299290141195104,0.047028800583303054,-0.6047673971549403,0.20803805455781,0.14766547778961514,-0.8236638314078963,-0.7997430249632893,-0.4704737183646982,0.012744049211019126,-0.0127388535031846,-0.42454645409565694,-0.13678029217989118,-0.39867256637168136,0.020802964456493545,-0.004400440044004417,-0.9321853992216063,-0.6959418534221684,-0.5277674245247856,0.039853037180985984,0.02657342657342654,-1.107590018133149,-0.8191188212237788,0.1911820600532117,0.0013867890099577007,-0.022357628856370604,-0.11755994358251054,-0.12836001208094228,0.2600072124053372,0.014458364038320015,-0.008403361344537785,-0.5652837872232122,-0.7011734740289275,0.40536512667660185,0.029366792883720683,0.04096813589430437,-0.23716738197424891,-0.020964360587002018,0.05592854664232583,0.0674218170220171,-0.38245425528552923,1.6849254063682921
1997-12-31,0.5368945224083295,0.06925758878887045,0.05901116427432229,1.762232040582556,3.12600438276114,-0.06793669992944251,0.027882160580591453,-0.0010445682451252214,0.6682879377431907,0.18474766955962707,0.1485998074823578,12.399568034557234,-6.129239230064162,1.1875,0.015079291722234656,-0.013978494623655968,1.2889897301170286,0.9538742326198772,0.7181751287711553,0.012665154143867596,-0.007734806629834279,12.549565217391306,3.3738379814077026,0.4443567482241517,0.01848391052969678,0.008174386920980936,-9.83868378812199,0.5136436597110754,-0.686981493299298,0.016993273495907957,-0.011994565800293233,-0.9269559657955726,3.021136521136521,0.2386949055523755,0.018567215353546995,0.009685230024213176,0.9344262295081971,1.693759512937595,0.1789501590668081,0.023377832179423352,0.5367960750853245,0.6299088556318215,-0.12719486081370457,0.030948162542149937,0.04790936605015306,-1.1711785476690038,-0.32459777740918894
1998-12-31,-0.9004418262150221,0.03196227869347745,0.037650602409638356,-0.8484597156398104,-0.6720368239355581,-0.15042716556721103,-0.007744258086121669,-0.021261763680725076,-0.8338192419825073,0.18649528589839237,0.13496001236875754,-0.9396625832796045,0.19692637598284501,0.13165266106442575,0.005957723577235674,-0.004362050163576936,0.08941986644407351,-0.39707880434782605,0.5408993576017129,0.006760763847704743,-0.00222717149220486,0.5324091900911307,-0.3424168817367542,-0.010382513661202242,0.020313082370480906,0.012162162162162149,-0.21102333605738677,-0.3263520678685048,-2.2945973496432215,0.006521961707791624,-0.011392351625023278,-9.274617067833697,-1.1747522619560535,0.07855822550831792,0.017843643469454884,0.008393285371702586,-0.19279661016949168,-0.20205672957396315,0.0076456037778276364,0.015467995639308452,-0.17766673606773542,-0.8497756299620297,-0.2928115799803729,0.08110430468165308,0.07625765035976295,-1.2576980568011957,-1.1656024885396201
1999-12-31,0.3846153846153846,0.04858502808333842,0.06531204644412192,-6.548475371383894,1.2280701754385968,-0.022403258655804503,-0.01399220936282719,-0.026709401709401615,-8.375438596491229,0.10876089752751184,0.11057412475696293,-22.098842386464824,-0.8250223947447,-0.06584158415841579,0.006465545110108328,-0.009857612267250793,-0.18896657408294226,-0.2264788732394366,-0.08504724847137302,0.005759765420462859,-0.011160714285714302,-0.4058128821509339,-0.46946785178344685,-0.10215350635008291,0.01650860554970146,0.001335113484646211,-0.3351363793301876,-0.996064541519087,-0.737007874015748,-0.0034687255231062863,-0.026134062126351387,-1.7481158270527568,-2.7342209072978303,0.07797772065124242,0.02036154708520188,-0.0011890606420927874,0.12223472065991747,0.22390596232828197,0.0700736442758314,0.0219314389477816,0.08650519031141868,0.9195772058823526,-0.17189939288811795,0.041086583083352446,0.0426583324074834,-7.354988399071925,-4.654720711814138
2000-12-31,8.376068376068375,0.07043924147595226,0.032697547683923744,-1.923765236384133,0.3101150817686249,0.10312499999999991,0.003565519995436084,-0.0014635931211123276,-1.695765937202664,0.0921887084300077,0.08690979646567842,-1.4666160209335697,-2.5486348122866893,0.5389507154213036,0.014132822838641923,-0.02765486725663724,0.3799008030231461,1.6207210487982522,0.2503037667071688,0.018143481882548995,-0.007900677200902928,1.3817310403157599,1.7828546562228023,1.3290282902829031,0.025805114029025633,-0.0040000000000000036,1.1251514626969015,1241.1,-9.278443113772456,-0.00686973031459881,-0.035223001753946326,1.6118769883351005,2.856696047767984,-0.16554054054054057,0.02347108346037108,0.011904761904761862,0.41017930727252505,0.64302244850729,-0.1497393117831074,0.033670902793202284,0.006757806431567426,1.3765860665549439,0.4216589861751152,-0.01768233367400962,0.011179163114784618,-1.5980284775465499,-1.1255156556434707
2001-12-31,-0.6832269826800365,0.06840471411287363,0.058047493403694084,-0.7965067500572038,-0.15247341655108637,-0.01805949008498564,0.007105704459540174,-0.0014657383657017409,-0.4263247863247863,0.07959212576122354,0.04171470415107992,0.32914254703328516,-1.4104683195592287,-0.4190771349862259,0.019003458629470504,-0.009101251422070522,-0.9749251176722293,-0.5472104495240742,-0.5298833819241981,0.01783294556796977,-0.0022753128555176305,-0.9389204545454546,-0.7624706802189211,-0.484816477422762,0.023242653300456606,0.006693440428380271,-0.8601449865602346,-0.7781982127042911,-0.8603978300180832,-0.006937806419783699,-0.03263925410831259,-0.9045879009338206,-1.5892804482453555,-0.4455822814955942,0.05113926088940168,0.018823529411764683,-0.8807455378297268,-0.9423198816818086,-0.7660044150110376,0.028166233042185462,-1.259316410770774,-1.6377556159967765,0.01591277442168848,-0.0030962080852396934,-0.0029791431782625333,0.025946275946276076,-3.158943965517241
2002-12-31,1.196402877697842,0.08449978671091984,0.08104738154613456,-5.423163418290854,-0.04767619463233708,0.09568457747325398,-0.00736601473202958,-0.008073394495412889,0.4922526817640047,0.06349206349206349,0.043418634225490305,-1.0758761483497787,-7.046979865771812,-1.119146413752223,0.01326569940198663,-0.0011481056257175437,-8.20477815699659,-0.524934785944453,-0.3927648578811369,0.019391868979289573,0.004561003420752607,1.045542635658915,-0.3894009216589861,-0.8698103536647873,0.026112032867188217,0.017287234042553168,-0.726266744321491,-1.92994555353902,-0.8911917098445596,-0.008973483201887733,-0.029042217598496567,-0.9673758865248226,-2.022144376329288,-0.906786941580756,0.03852782352265338,0.021939953810623525,-1.3013245033112582,-0.321123321123321,0.7777777777777779,0.01595666564995879,-2.274620648616483,-0.4163639235507819,0.026831036983321344,0.040778090735338335,0.02360954986673458,5.573936328473668,1.7883703518842027
2003-12-31,-0.6262692433671798,0.1471445850887636,0.11880046136101496,-0.6996017286670622,0.7826784282277468,0.09939659901261666,0.011258955987717423,0.007399186089530163,0.5646964856230032,0.0711936186834421,0.04761258657102063,-4.589237668161434,-2.2832408435072145,2.497512437810945,0.010736196319018454,-0.006896551724137945,-4.468024632875414,-0.27422480620155043,-0.2817021276595745,0.021696544076880375,-0.0011350737797957144,-0.49028896257697774,-1.074932614555256,-0.452755905511811,0.028129611806223975,0.0117647058823529,1.719148936170213,-0.7252146760343481,35.547619047619044,-0.002631826299464346,-0.035123010030208235,153.80434782608697,0.14014687882496935,-0.2718894009216589,0.02224926552838946,0.001129943502824915,-7.683516483516483,3.5593525179856114,0.6485849056603774,0.02297808936603163,0.423202614379085,-1.7818673883626523,0.036864406779661074,0.033030892462335704,0.04603882268029125,0.26653088934148017,0.8445359348429251
2004-12-31,4.048203330411919,0.06597999519313569,0.04948453608247427,-5.7926657263751755,0.10487757856178925,0.009280510927053287,0.03830690508322099,0.04039662137348521,0.36115364982133746,0.059073025621341646,0.04477968296871926,1.4587706146926536,1.0029406677045496,-2.6842105263157894,0.017808801213960557,-0.01504629629629628,0.028001639120338817,3.2990654205607477,2.0213270142180093,0.02335817475821811,-0.007954545454545436,5.184944237918216,-36.48920863309352,9.244604316546761,0.02256699576868826,0.0,3.5125195618153366,-10.116477272727273,0.4241042345276873,-0.00010471313835735963,-0.03709647375736125,0.17399241679539368,0.5356951154052605,11.550632911392405,0.013828597539712106,-0.013544018058690765,1.8322920092074972,2.9767258382642994,0.3776824034334765,0.026673913043478104,0.8387731671313761,2.107303565247491,0.06102710802342992,0.07895444710835631,0.147812545600166,0.1962550028587764,0.5258382260177592
2005-12-31,-0.44409722222222225,0.0687018138194353,0.04223968565815306,-0.6937021777516186,-0.4262781364508812,0.12606288313229164,0.017803712378657188,0.012354394634662702,-0.1661353834614664,0.0504684413678127,0.025611036492951378,0.9525406504065042,-0.02927713964936529,-0.38682432432432434,0.019274349371436683,-0.027027027027027084,-0.09327664097794308,-0.2326086956521739,-0.31960784313725477,0.018877484887406704,-0.012600229095074522,0.054996243425995406,-0.23332657612000807,-0.425561797752809,0.022068965517241468,-0.011627906976744207,-0.5035547078203573,-0.48270489248987225,-0.17474839890210425,-0.0028799128695452536,-0.04198535757864352,-0.0656698564593301,-0.4565536525690318,0.03227433182047412,0.014920947444580168,-0.011441647597253968,-0.3233484267967026,-0.40035710742981845,-0.09579439252336441,0.03366188832659289,-0.3735616804923736,-0.1521666481007018,-0.031069456926434702,0.08394033992369065,0.05733212109951258,-0.8000955908710718,-0.7591108567067354
2006-12-31,0.2373516552154904,0.0418371445135588,0.03581526861451456,2.079746348962337,-0.6570356853203569,0.11598911230134346,0.016454719591358913,0.007322175732217495,0.510456487519676,0.043040988131382685,0.026408252710351077,-0.13667829074064441,-0.17615658362989328,4.253443526170799,0.017751410049380967,-0.0253623188405796,0.9752344665885111,0.7345204370700122,0.5210374639769451,0.01893251604695534,-0.01044083526682138,-0.12163509471585243,0.8059227921734533,1.1894865525672373,0.02229706328448744,-0.009150326797385588,1.717778553964373,1.5090361445783134,-0.2394678492239467,0.0025626483500325037,-0.038287990928930316,-0.2283958520035847,0.38191407254952403,0.6912554958475818,0.01652467599247398,-0.00462962962962965,0.6122168840082363,0.35202646815550054,-0.20097616996841805,0.032217425371414476,-0.13498504912430576,0.3200630666141113,-0.07539419636941835,0.07502999999999993,0.05319103791292301,1.6436043036461445,0.8965016501650165
2007-12-31,0.5320545179202423,0.03641355669196167,0.036396724294813554,0.47650839208835083,0.621046408513154,0.12092840283241535,0.048185518170991815,0.049844236760124616,0.003126395712371721,0.05542232439673844,0.024335148186870104,0.0043407487791644606,-0.15064794816414684,-0.2181436811746198,0.02270767461914347,-0.009913258983890949,-0.476370650641739,-0.23736195364753465,-0.09738537324744212,0.016072279857437977,-0.0011723329425556983,-0.1253445759688665,-0.7907759882869693,-0.16973757677275259,0.0202453271028038,-0.0013192612137202797,-0.45752473975067465,-0.14489795918367343,0.08163265306122436,0.00046093569946981106,-0.033182321066615006,-0.7600796416127427,-0.1856092339197617,0.08954361640670117,0.0158766655553384,-0.006976744186046546,-0.4291187739463602,-0.37366939924140463,-0.2773984908372259,0.02870637732067194,-0.6823045267489712,-0.3036727381307853,0.021639438234451136,0.08348604224998368,0.06745558217646042,0.9004578599287776,-0.046359459835723316
2008-12-31,-0.16079077429983524,0.05678298284533012,0.06672519754170336,-0.26369168356997974,-1.399343544857768,-0.3267354530778409,0.059079842686809325,0.05275304978569073,-0.5127634312852478,0.0700159839533645,0.05651301162809297,-0.5930728134942074,-0.056198347107437985,-0.6784037558685446,0.027543563799887538,-0.008760951188986232,-0.7146500425049589,-0.9327962471955945,-0.9345088161209067,0.031602582720793526,0.005868544600938996,-0.8123841305153875,-1.3030090972708188,-1.6469401479488903,0.03492379741907414,0.003963011889035695,-1.910210850509358,-1.2236417239926998,-1.8247978436657681,0.013832171054009246,-0.027764320676233245,-0.004840940525587811,-0.8219225054291919,-0.4241781548250264,0.022113077723959984,0.004683840749414525,-0.7388143176733781,-0.8775151396757179,-0.9393336648433616,0.0381491627440389,-2.694818652849741,-0.1620926243567753,-0.20577921167064106,0.23115953227218866,0.20365088337033788,-0.4716992355967996,-0.7652554744525547
2009-12-31,-1.0247349823321554,0.048881032523121704,0.06666666666666665,-2.002238292011019,3.7598173515981737,-0.015221017514595592,-0.007261838801325027,-0.007829627309740017,-0.652756625038075,0.04192905890278542,0.03401560081296817,-2.545360672665585,-0.22335982756298,-6.9395203336809175,0.002461706783369655,0.011363636363636465,-6.037735849056605,-26.370257966616087,-18.865384615384613,0.0010070711555330014,-0.007001166861143493,-11.711462450592885,27.82678983833718,4.48960498960499,0.007656307048891975,0.010526315789473717,2.5163977095262884,10.865662272441934,3.651143790849673,-0.01331295250095521,-0.012027698070413484,-12.86726893676164,-17.39152759948652,-2.6883057090239406,0.009732279279877742,-0.004662004662004615,-8.612419700214133,-17.16267942583732,-22.311475409836067,-0.0032008696702500172,3.7294405380617555,-3.024564994882293,-0.04662663369833986,0.06716735354211556,0.05539236636433564,-1.4126224524265285,1.0121268656716418
2010-12-31,-60.74603174603174,0.0503905169195078,0.07098765432098753,-3.1256943251445914,-1.819646968534152,0.1233326275672244,0.03175357138616097,0.04987373737373724,2.9429824561403515,0.02267200787124879,0.02571974473334082,-2.1315387552500953,-1.0281006071118821,-1.7347261235955056,0.011186903137790027,-0.004993757802746579,-2.322195939286418,-1.9510138166158262,-1.6537495514890563,0.01739506707053229,0.0,-1.7987084870848709,-1.7895369331837847,-1.3243703843968946,0.016195443315948355,-0.0078125,-2.0637305699481865,-1.6570733255740133,-1.7198313718601792,-0.0074214415810078815,-0.03046139932868397,-1.7898342800257656,-2.108426658313102,-1.365694027815653,0.0092985514874393,-0.0023419203747072626,-1.9642756680731366,-2.0964081310440106,-2.041923076923077,0.016363339780486097,-1.9937944408532644,-2.2761206605999327,0.18988514264542422,0.09207697585519647,0.10743170720789785,-1.5794787829171784,-0.01777159635295944
2011-12-31,-0.4721041445270988,0.06636363489382324,0.06123919308357362,-0.7684060235446244,-0.6528558052434457,-0.09989633399302611,0.055337515106174795,0.059530968129885675,0.5457174638487208,0.03415431979988459,0.0422133505809934,0.9705584612788936,-85.82716049382717,-0.06475507765830335,0.024824608742579635,-0.010037641154328703,-0.39075661572866194,-0.42867924528301893,0.2140504939626784,0.02286066689350119,-0.011750881316098694,-0.28170478170478164,-0.4296296296296296,-0.5872737886748395,0.02935710426796323,-0.003937007874015741,-0.9446106742745808,-0.48574879227053147,-0.9941434846266471,-0.0027735301871869567,-0.03624377774788112,-0.4676749703440095,-0.9986575758646271,0.15585384041759887,0.024716171437883627,-0.018779342723004744,-0.6441073512252042,-0.5474754747547477,-0.4278331487633813,0.03139731102918253,-0.6411473917002732,-0.5079564212611423,-0.0015569048731122193,0.1867752474181157,0.18942360383225254,-0.3395337885566282,0.5460981749528004
2012-12-31,-0.5166079516859587,0.05403632797087421,0.09029192124915131,-1.2007677096661626,-1.1058664868509778,-0.17830593655114646,0.02609795731408071,0.010499432463110026,-0.43681635002878527,0.031750461836981714,0.03025226772169831,-0.6150520142129372,-0.6515063309561928,-0.8909044455799694,0.021590310689836745,-0.0025348542458808465,-1.1086504343570291,-0.6461911052399824,-0.8363471971066908,0.022152227697041615,0.00356718192627814,-1.0935841775205017,-0.7059242127735279,-5.216407355021216,0.03314893929692331,-0.01449275362318847,-12.100502512562814,-0.7865977767339909,56.291666666666664,-0.0004864533322052056,-0.02959405885309052,-0.32660167130919215,13.894736842105262,-1.6651612903225805,0.028180661577608124,-0.014354066985645897,-0.3426229508196721,-0.3816626889419251,0.4716129032258065,0.02073153923787263,-0.5196664854087367,-0.4699409554482018,-0.1415874005925465,0.09103009463499712,0.03640055037102319,3.9069518716577534,0.5294596519792407
2013-12-31,0.5642894325871941,0.062042191146445935,0.05915317559153177,-5.421784472769409,-10.738853503184712,-0.009811416921508664,0.025678634440830628,0.028924459421510784,0.3120368004088936,0.020210737840065773,0.0025706535059841773,-0.5787366548042705,-0.3031948214658592,0.011709601873536313,0.016061855670103098,-0.015247776365946653,-3.7398648648648645,-0.8210952084629745,0.892265193370166,0.00990552126025901,-0.03791469194312791,-2.042955326460481,-0.1947973381730188,-0.38242200603824217,0.012446024892049934,-0.014705882352941235,-0.6717971933001359,-0.5209097578870139,0.458181818181818,0.003311608616530348,-0.028492241594261336,-0.30941054808686663,-2.2597173144876326,-0.8768186226964112,0.025531563859844564,-0.0315533980582523,-0.458021612635079,-0.3965905435831457,-0.1924594476106971,0.014661172719590887,-0.24226415094339615,-0.2564556962025317,0.008900999091734807,0.06595315994750384,0.02830143530322138,0.42545771578029656,0.22475049900199617
2014-12-31,-0.832279534109817,0.06329185252366543,0.06584362139917688,-1.3118448637316562,-1.6873773708306081,-0.0488997555012225,0.020517709477523738,0.02592794759825323,-0.12368523568367762,0.029065289579677023,0.01154242346141765,2.197993664202746,-0.22505244231345534,4.131944444444445,0.007701049128431947,-0.007741935483870921,0.856555692560625,6.0713043478260875,0.4087591240875912,0.006112604855845305,-0.0049261083743842304,3.6375617792421746,0.27873779113448527,-0.9972840847365562,0.002338183642749625,0.004070556309362372,-2.1358620689655172,3.392036753445635,-0.8523690773067332,0.0275864978013054,0.017265036573448134,0.945193171608266,-9.963534361851332,-12.21259842519685,0.0032276228206005175,0.013784461152882121,1.5559815950920246,0.6273987206823028,0.24212812160694885,0.016153542360658024,1.772410358565737,0.5175348995573714,0.15628375945264672,0.040842249466765956,0.014046875837443906,-0.3418450560652395,-0.33213820078226863
2015-12-31,-8.035714285714285,0.09030150162886796,0.09707666850524,5.4184873949579835,-5.185537583254044,-0.05046678392639703,0.015413984281391624,0.029795158286778367,-0.34296510335630137,0.04990000368084613,0.04577394689691272,-1.538467888393594,-1.120262954369683,-0.3292737934145241,0.006796419545495924,0.011703511053315907,0.18773522249280483,-0.03787506148548936,0.0932642487046631,0.0008807927134422133,0.0,0.7420959147424511,1.602232667450059,-156.6,0.0010912767938489054,-0.002702702702702675,1.431086824529447,0.5805439330543936,4.273648648648649,0.007994253168454035,0.0038621278577803952,-0.9322555812163202,-0.4975747144421844,0.375,0.0021648709596591154,0.0012360939431397266,1.2826282628262824,0.6619718309859155,0.18312937062937062,0.0012124284477113,0.03915933177654041,-1.0794256226161094,0.08797882279663671,0.00631432510444041,-0.008023503031209689,0.2494385502981491,0.24272002602895726
2016-12-31,-0.07614213197969544,0.0873955080359432,0.07239819004524883,-0.2742210002618487,-0.5417140259149806,-0.02379595326303785,0.02120999999999995,0.030483079307672467,-0.29364005412719885,0.0750730396166881,0.006839908842997122,0.938831825847003,3.35048231511254,0.4996637525218559,0.003660292823425948,-0.03213367609254503,-0.22739981360671024,-0.5079243353783232,-0.06919431279620847,0.0030600612012239292,-0.034653465346534684,-0.34645187601957583,-0.6376157146082637,0.6619537275064267,-0.0005000400032003638,-0.050135501355013545,-0.5129870129870129,-0.6668872711228767,-0.5169762972453555,-0.0012420589672584859,0.019845335911068185,-3.6704545454545454,-0.49610713173466203,0.11950970377936687,0.0011301017091538412,-0.01728395061728394,-0.28680336487907465,-0.13697280252266464,-0.3838197266346509,0.012670779149543066,-0.8086430423509076,-2.785310734463277,-0.04250751395448682,0.026679911425674163,-0.013198028018241437,-0.20323540349572333,-0.22771305144652443
2017-12-31,-1.4038461538461537,0.034463070464616496,0.02297233942803567,-1.9204473707946244,0.7914186507936507,0.014012552911983667,0.015207449985801258,0.048884432188518456,-0.34913793103448276,0.0431006369980651,0.02301335968440954,-0.9488416225191745,-1.3436807095343681,0.2017937219730943,0.01702903605093753,-0.015936254980079667,0.3131483715319663,2.03012987012987,1.4938900203665986,0.011654570106875095,-0.017948717948717996,0.8152886115444615,2.298442367601246,0.2900232018561486,0.013257689459886812,-0.01997146932952909,0.4423076923076923,2.2602649006622517,1.2214854111405837,0.004862286191922527,-0.001175322028757475,-3.814468085106383,3.090852904820766,0.3280109489051093,0.012946535602972986,-0.022613065326633208,0.05160339107998535,0.3722311029915508,0.34412470023980823,0.021316222578696253,3.04516711833785,5.533227848101265,0.03736920777279518,0.03521050106631307,0.010897924753537236,0.5119408790353948,0.5105517416730232
2018-12-31,0.3484504913076343,0.03664676489727503,0.02016498625114571,0.42263596276335136,-0.3963726983247957,-0.028213617388800905,0.019281594228061083,0.010516252390057268,0.8866813833701253,0.03239925384799758,0.021739642999208053,-14.264296754250386,-15.144086021505375,-0.6328358208955225,0.01935003478107533,-0.004048582995951455,-0.12235899320227805,-0.6632950454311675,-0.25520620661494475,0.02098095059769589,-0.013054830287206332,-0.569955311103472,-0.24480544012089145,-0.4448441247002397,0.01242260558721009,-0.013100436681222738,-0.4156444444444445,-0.6252285191956124,-0.6161194029850746,0.009900688787672918,-0.023477163381698474,0.15331115814938023,-0.4319383592687718,-0.18893850910340082,0.016005917159763294,0.0012853470437017567,-0.3056431826147915,-0.4812780828756865,0.31355932203389814,0.02439203495416553,0.13130861991960696,0.021070477113102504,0.07564841498559072,0.03539926397569948,0.011937250197354254,-0.5098785758386499,-0.3225046288503619
2019-12-31,-0.3155829596412556,0.03733040268607346,0.023809523809523725,-0.6075905772144924,-1.4655963302752293,-0.11850096282032296,0.02901403385916934,0.0030747398297066297,0.24297971918876748,0.03521823394032397,0.021701392765954397,-0.8205546492659054,-1.0478941766762961,0.07113821138211396,0.013532996289959742,0.0027100271002709064,-0.4724722629265229,-0.6807535641547862,0.03289473684210509,0.012963070210999739,-0.005291005291005346,-0.13988808952837717,-0.5567783891945973,-0.47840172786177115,0.006339917093391767,-0.008849557522123908,-1.25585640401582,-0.4157181571815718,-1.6251944012441681,0.004680829692129906,-0.011389145328215333,-0.7409543786051389,-1.3877659574468084,-0.17153748411689973,0.026731894819603363,0.011553273427471034,0.31095406360424027,-0.5810073788899583,-0.22071307300509335,0.01812823576264444,-0.9034741413343861,-0.9765180265654649,-0.01419959812458138,0.02796803008932769,0.00618564443027414,-0.6132689481419273,-0.6053002070393374
2020-12-31,-3.6838656838656836,0.03211590925375907,0.05089951733216336,-1.6069861330524837,-1.01871921182266,-0.623256595530163,0.024903668417035174,-0.0004715868898843567,-3.2754941951678695,0.025244498181498987,0.0017289327756255801,-11.454545454545455,-20.22222222222222,-4.502846299810247,0.0037174016121384046,0.00540540540540535,-3.291269841269841,-15.671451355661882,-5.196921443736731,0.005269426842631875,0.015957446808510634,-6.135223048327138,-9.698645598194132,-19.59006211180124,-0.001453840562151587,0.0029761904761904656,9.291319857312722,-9.503710575139145,9.644278606965173,-0.0002599454114635691,-0.0035583340705572786,-7.832995951417004,6.952674897119342,-3.0005112474437627,0.011164998061960585,0.006345177664974555,-1.4776665383134386,-2.624808575803981,-2.2061002178649236,0.012513103750410703,-12.854805725971369,-103.5151515151515,-0.6104090229650767,0.03222336459198494,0.0015859421408679353,-0.05347448425624324,0.604699958036089
